T,G,G(FCC),H,H(FCC),S,S(FCC),NP(FCC),"X(FCC,CO)","X(FCC,CR)","X(FCC,CU)","X(FCC,TI)","Y(FCC,CO#2)","Y(FCC,CO)","Y(FCC,CR#2)","Y(FCC,CR)","Y(FCC,CU#2)","Y(FCC,CU)","Y(FCC,TI#2)","Y(FCC,TI)"
73,5334.389648,5334.390137,6222.075684,6222.075684,12.16007614,12.16007614,1,0.039999999,0.159999996,0.400000006,0.400000006,1.34163E-09,0.159999996,0.213333324,4.76312E-28,0.25333333,0.839999974,0.533333302,6.9692E-23
83,5212.76416,5212.76416,6222.067383,6222.067383,12.16027737,12.16027737,1,0.039999999,0.159999996,0.400000006,0.400000006,1.06821E-08,0.159999967,0.213333324,8.56316E-25,0.25333333,0.840000033,0.533333302,3.44425E-20
93,5091.253906,5091.253906,6220.213379,6220.213379,12.13934898,12.13934898,1,0.039999999,0.159999996,0.400000006,0.400000006,5.48103E-08,0.159999847,0.213333324,3.07998E-22,0.253333271,0.840000153,0.533333302,4.49536E-18
103,4970.01416,4970.01416,6217.066895,6217.066895,12.10730839,12.10730839,1,0.039999999,0.159999996,0.400000006,0.400000006,2.05808E-07,0.159999385,0.213333324,3.54122E-20,0.253333122,0.840000629,0.533333302,2.28259E-16
113,4849.126465,4849.126465,6212.986816,6212.986816,12.06956101,12.06956101,1,0.039999999,0.159999996,0.400000006,0.400000006,6.14063E-07,0.159998164,0.213333324,1.76136E-18,0.253332734,0.840001822,0.533333302,5.79169E-15
123,4728.631348,4728.631348,6208.217285,6208.217285,12.02915287,12.02915287,1,0.039999999,0.159999996,0.400000006,0.400000006,1.53919E-06,0.159995377,0.213333324,4.64819E-17,0.25333178,0.840004623,0.533333302,8.69542E-14
133,4608.546387,4608.546387,6202.930664,6202.930664,11.987854,11.987854,1,0.039999999,0.159999996,0.400000006,0.400000006,3.36993E-06,0.159989893,0.213333324,7.50665E-16,0.253329962,0.840010107,0.533333302,8.6943E-13
143,4488.874023,4488.874023,6197.253906,6197.253906,11.94671345,11.9467144,1,0.039999999,0.159999996,0.400000006,0.400000006,6.62834E-06,0.159980103,0.213333324,8.22235E-15,0.253326714,0.840019882,0.533333302,6.30442E-12
153,4369.609375,4369.609375,6191.282715,6191.282715,11.90636158,11.90636063,1,0.039999999,0.159999996,0.400000006,0.400000006,1.19579E-05,0.159964129,0.213333324,6.59074E-14,0.253321379,0.840035856,0.533333302,3.53081E-11
163,4250.742676,4250.742676,6185.091797,6185.091797,11.86717224,11.86717224,1,0.039999999,0.159999996,0.400000006,0.400000006,2.0099E-05,0.159939706,0.213333324,4.09426E-13,0.253313243,0.840060294,0.533333302,1.60168E-10
173,4132.261231,4132.261231,6178.741211,6178.741211,11.82936382,11.82936382,1,0.039999999,0.159999996,0.400000006,0.400000006,3.18561E-05,0.159904435,0.213333324,2.06009E-12,0.253301471,0.84009558,0.533333302,6.10436E-10
183,4014.150391,4014.150391,6172.279785,6172.279785,11.79305744,11.7930584,1,0.039999999,0.159999996,0.400000006,0.400000006,4.80616E-05,0.159855813,0.213333324,8.6906E-12,0.253285259,0.840144157,0.533333302,2.01135E-09
193,3896.394775,3896.39502,6165.748535,6165.748535,11.75830936,11.75831032,1,0.039999999,0.159999996,0.400000006,0.400000006,6.95397E-05,0.15979138,0.213333324,3.15903E-11,0.253263801,0.84020859,0.533333302,5.86099E-09
203,3778.979004,3778.979004,6159.181152,6159.181152,11.72513485,11.72513485,1,0.039999999,0.159999996,0.400000006,0.400000006,9.7074E-05,0.159708783,0.213333324,1.01145E-10,0.253236264,0.840291202,0.533333302,1.53815E-08
213,3661.886963,3661.886963,6152.606934,6152.606934,11.69352055,11.69351959,1,0.039999999,0.159999996,0.400000006,0.400000006,0.00013138,0.159605861,0.213333324,2.90389E-10,0.253201962,0.84039408,0.533333302,3.68974E-08
223,3545.103516,3545.103516,6146.049805,6146.049805,11.66343594,11.66343594,1,0.039999999,0.159999996,0.400000006,0.400000006,0.000173084,0.159480751,0.213333324,7.58616E-10,0.253160268,0.84051919,0.533333302,8.18896E-08
233,3428.613281,3428.613281,6139.53125,6139.53125,11.63484001,11.63484001,1,0.039999999,0.159999996,0.400000006,0.400000006,0.00022271,0.159331873,0.213333324,1.82534E-09,0.253110677,0.840667963,0.533333302,1.69847E-07
243,3312.401856,3312.401856,6133.068848,6133.068848,11.60768318,11.60768318,1,0.039999999,0.159999996,0.400000006,0.400000006,0.000280669,0.159157991,0.213333324,4.08646E-09,0.253052771,0.840841651,0.533333242,3.3199E-07
253,3196.455078,3196.455078,6126.678223,6126.678223,11.58191013,11.58191013,1,0.039999999,0.159999996,0.400000006,0.400000006,0.000347257,0.158958226,0.213333324,8.58495E-09,0.252986282,0.841041148,0.533333123,6.15865E-07
263,3080.759277,3080.759277,6120.372559,6120.372559,11.55746555,11.5574646,1,0.039999999,0.159999996,0.400000006,0.400000006,0.000422663,0.158732012,0.213333324,1.70472E-08,0.252911031,0.841266871,0.533332944,1.09076E-06
273,2965.301514,2965.301514,6114.163086,6114.163086,11.53429222,11.53429222,1,0.039999999,0.159999996,0.400000006,0.400000006,0.000506966,0.158479095,0.213333324,3.21939E-08,0.252826989,0.841518998,0.533332706,1.85381E-06
283,2850.069336,2850.069336,6108.060059,6108.060059,11.51233482,11.51233482,1,0.039999999,0.159999996,0.400000006,0.400000006,0.000600151,0.158199549,0.213333309,5.8129E-08,0.252734214,0.841797352,0.533332348,3.03655E-06
293,2735.051025,2735.050781,6102.071777,6102.071777,11.491539,11.491539,1,0.039999999,0.159999996,0.400000006,0.400000006,0.00070212,0.157893643,0.213333294,1.00808E-07,0.252632856,0.842101455,0.533331752,4.81181E-06
303,2620.234863,2620.234863,6096.206055,6096.206055,11.4718523,11.47185326,1,0.039999999,0.159999996,0.400000006,0.400000006,0.000812701,0.157561898,0.213333279,1.68578E-07,0.252523154,0.842430532,0.533330858,7.40048E-06
313,2505.610352,2505.610352,6090.470215,6090.470215,11.45322704,11.45322704,1,0.039999999,0.159999996,0.400000006,0.400000006,0.000931664,0.157205015,0.213333234,2.72778E-07,0.252405465,0.84278363,0.533329666,1.10781E-05
323,2391.166992,2391.166992,6084.870606,6084.870606,11.43561554,11.43561459,1,0.039999999,0.159999996,0.400000006,0.400000006,0.00105873,0.156823814,0.213333189,4.28382E-07,0.252280146,0.843159556,0.533327937,1.61808E-05
333,2276.894775,2276.894775,6079.414063,6079.414063,11.41897678,11.41897678,1,0.039999999,0.159999996,0.400000006,0.400000006,0.001193587,0.156419247,0.213333115,6.54672E-07,0.252147675,0.843557,0.533325613,2.31106E-05
343,2162.78418,2162.78418,6074.106445,6074.106934,11.40327263,11.40327168,1,0.039999999,0.159999996,0.400000006,0.400000006,0.001335898,0.155992314,0.213333011,9.75904E-07,0.252008528,0.843974352,0.533322573,3.23395E-05
353,2048.826416,2048.826416,6068.955078,6068.955078,11.38846684,11.38846588,1,0.039999999,0.159999996,0.400000006,0.400000006,0.001485311,0.155544072,0.213332862,1.42196E-06,0.251863301,0.844410121,0.53331852,4.44127E-05
363,1935.012085,1935.012085,6063.96582,6063.96582,11.37452793,11.37452793,1,0.039999999,0.159999996,0.400000006,0.400000006,0.001641471,0.155075595,0.213332653,2.02894E-06,0.251712531,0.844862401,0.533313334,5.99501E-05
373,1821.333008,1821.333008,6059.145508,6059.145508,11.36142826,11.36142826,1,0.039999999,0.159999996,0.400000006,0.400000006,0.001804022,0.154587924,0.213332385,2.8397E-06,0.251556814,0.845329583,0.533306777,7.96473E-05
383,1707.780762,1707.780762,6054.502441,6054.502441,11.34914208,11.34914208,1,0.039999999,0.159999996,0.400000006,0.400000006,0.001972616,0.154082149,0.213332027,3.90433E-06,0.251396775,0.845809698,0.533298552,0.000104274
393,1594.347534,1594.347534,6050.043457,6050.043457,11.33764839,11.33764935,1,0.039999999,0.159999996,0.400000006,0.400000006,0.002146919,0.153559238,0.213331565,5.28043E-06,0.251233071,0.846300781,0.533288419,0.000134673
403,1481.025269,1481.025269,6045.776856,6045.776856,11.32692719,11.32692719,1,0.039999999,0.159999996,0.400000006,0.400000006,0.002326611,0.153020173,0.213330984,7.03342E-06,0.251066327,0.846801043,0.533276081,0.000171756
413,1367.806397,1367.806397,6041.711914,6041.711914,11.31696224,11.31696224,1,0.039999999,0.159999996,0.400000006,0.400000006,0.002511395,0.15246582,0.213330254,9.23661E-06,0.250897169,0.847308457,0.53326118,0.000216498
423,1254.683594,1254.683472,6037.856934,6037.856934,11.3077383,11.3077383,1,0.039999999,0.159999996,0.400000006,0.400000006,0.00270099,0.151897028,0.213329345,1.19712E-05,0.250726312,0.847821057,0.533243358,0.000269936
433,1141.649292,1141.64917,6034.221191,6034.221191,11.29924202,11.29924202,1,0.039999999,0.159999996,0.400000006,0.400000006,0.002895142,0.151314572,0.213328227,1.53262E-05,0.250554353,0.848336935,0.533222258,0.000333158
443,1028.696289,1028.696289,6030.814941,6030.814941,11.29146385,11.29146385,1,0.039999999,0.159999996,0.400000006,0.400000006,0.003093616,0.150719151,0.213326871,1.93981E-05,0.250381947,0.848854125,0.533197582,0.000407298
453,915.817627,915.817627,6027.647461,6027.647461,11.28439331,11.28439331,1,0.039999999,0.159999996,0.400000006,0.400000006,0.003296203,0.150111392,0.213325247,2.42907E-05,0.250209749,0.849370778,0.533168793,0.000493529
463,803.0061035,803.0061035,6024.729981,6024.729981,11.27802086,11.27802086,1,0.039999999,0.159999996,0.400000006,0.400000006,0.003502713,0.149491861,0.213323295,3.01144E-05,0.250038326,0.849884987,0.533135653,0.000593057
473,690.2548828,690.2548828,6022.071777,6022.071777,11.27234078,11.27234078,1,0.039999999,0.159999996,0.400000006,0.400000006,0.00371298,0.148861066,0.213321,3.6986E-05,0.249868378,0.850394845,0.533097625,0.000707109
483,577.5570068,577.5570068,6019.684082,6019.684082,11.26734448,11.26734448,1,0.039999999,0.159999996,0.400000006,0.400000006,0.003926858,0.148219436,0.213318318,4.50279E-05,0.249700457,0.850898623,0.533054352,0.000836926
493,464.9057312,464.9057312,6017.577148,6017.577148,11.26302528,11.26302528,1,0.039999999,0.159999996,0.400000006,0.400000006,0.004144218,0.147567347,0.213315204,5.43678E-05,0.249535158,0.851394534,0.533005416,0.000983759
503,352.294281,352.294281,6015.760742,6015.760742,11.25937653,11.25937653,1,0.039999999,0.159999996,0.400000006,0.400000006,0.004364953,0.146905139,0.213311613,6.51376E-05,0.249373049,0.851880848,0.532950401,0.001148856
513,239.7159729,239.7159729,6014.245606,6014.245606,11.25639343,11.25639343,1,0.039999999,0.159999996,0.400000006,0.400000006,0.004588967,0.146233097,0.213307515,7.74729E-05,0.249214679,0.852355957,0.53288883,0.001333459
523,127.1642151,127.1642227,6013.041992,6013.041992,11.25406838,11.25406838,1,0.039999999,0.159999996,0.400000006,0.400000006,0.004816183,0.145551443,0.213302836,9.15126E-05,0.249060586,0.852818251,0.532820404,0.001538793
533,14.63244057,14.63244057,6012.15918,6012.15918,11.25239468,11.25239468,1,0.039999999,0.159999996,0.400000006,0.400000006,0.005046533,0.144860402,0.213297531,0.000107398,0.248911291,0.85326612,0.532744646,0.001766062
543,-97.88583374,-97.88583374,6011.606445,6011.606445,11.25136662,11.25136662,1,0.039999999,0.159999996,0.400000006,0.400000006,0.005279965,0.144160107,0.213291585,0.000125271,0.248767272,0.853698194,0.5326612,0.00201644
553,-210.3970184,-210.3970184,6011.393066,6011.393066,11.25097656,11.25097656,1,0.039999999,0.159999996,0.400000006,0.400000006,0.005516434,0.143450707,0.21328491,0.000145277,0.248629019,0.854112923,0.532569647,0.002291069
563,-322.9074707,-322.9074707,6011.527344,6011.527832,11.25121689,11.25121689,1,0.039999999,0.159999996,0.400000006,0.400000006,0.005755902,0.142732292,0.213277474,0.00016756,0.248496965,0.854509115,0.53246963,0.00259105
573,-435.4234314,-435.4234314,6012.018066,6012.018066,11.25207901,11.25207901,1,0.039999999,0.159999996,0.400000006,0.400000006,0.005998341,0.142004982,0.213269249,0.000192263,0.248371556,0.85488534,0.532360852,0.00291744
583,-547.9511108,-547.9511108,6012.871582,6012.871582,11.2535553,11.2535553,1,0.039999999,0.159999996,0.400000006,0.400000006,0.006243728,0.14126882,0.213260159,0.000219532,0.248253196,0.855240405,0.532242894,0.003271248
593,-660.496582,-660.496521,6014.095703,6014.095703,11.25563622,11.25563622,1,0.039999999,0.159999996,0.400000006,0.400000006,0.006492043,0.140523866,0.21325016,0.000249508,0.248142272,0.855573177,0.532115519,0.003653429
603,-773.0657959,-773.0657959,6015.695801,6015.695801,11.25831127,11.25831127,1,0.039999999,0.159999996,0.400000006,0.400000006,0.00674327,0.139770195,0.213239223,0.000282333,0.248039141,0.855882585,0.531978369,0.004064882
613,-885.6647339,-885.6647339,6017.678711,6017.678711,11.26157188,11.26157093,1,0.039999999,0.159999996,0.400000006,0.400000006,0.006997393,0.139007822,0.213227287,0.000318146,0.247944146,0.856167555,0.531831205,0.004506449
623,-998.2991333,-998.2991333,6020.04834,6020.04834,11.26540566,11.2654047,1,0.039999999,0.159999996,0.400000006,0.400000006,0.007254402,0.138236806,0.213214308,0.000357084,0.2478576,0.856427193,0.531673729,0.00497891
633,-1110.974731,-1110.974731,6022.80957,6022.80957,11.26980114,11.26980209,1,0.039999999,0.159999996,0.400000006,0.400000006,0.007514281,0.137457162,0.213200241,0.000399281,0.247779816,0.856660604,0.531505644,0.00548298
643,-1223.697022,-1223.697022,6025.96582,6025.96582,11.27474785,11.27474785,1,0.039999999,0.159999996,0.400000006,0.400000006,0.007777018,0.13666895,0.213185042,0.000444869,0.247711033,0.856866896,0.53132689,0.00601931
653,-1336.471436,-1336.471558,6029.520508,6029.520508,11.28023243,11.28023243,1,0.039999999,0.159999996,0.400000006,0.400000006,0.008042595,0.135872215,0.213168666,0.000493977,0.247651562,0.857045293,0.531137168,0.006588485
663,-1449.303345,-1449.303345,6033.474609,6033.474609,11.28624153,11.28624153,1,0.039999999,0.159999996,0.400000006,0.400000006,0.008310997,0.135067016,0.213151097,0.00054673,0.247601584,0.857195258,0.530936301,0.007191021
673,-1562.197998,-1562.197998,6037.831055,6037.831055,11.2927618,11.2927618,1,0.039999999,0.159999996,0.400000006,0.400000006,0.008582202,0.134253383,0.213132247,0.000603251,0.247561336,0.857316017,0.530724227,0.007827368
683,-1675.160278,-1675.160278,6042.589356,6042.589844,11.29977989,11.29977989,1,0.039999999,0.159999996,0.400000006,0.400000006,0.008856187,0.133431435,0.213112116,0.000663657,0.247530997,0.857406974,0.53050071,0.008497906
693,-1788.19519,-1788.19519,6047.750488,6047.750488,11.30728149,11.30728054,1,0.039999999,0.159999996,0.400000006,0.400000006,0.009132922,0.132601246,0.213090643,0.000728065,0.247510746,0.857467771,0.530265689,0.009202946
703,-1901.307495,-1901.307495,6053.313477,6053.313477,11.3152504,11.31525135,1,0.039999999,0.159999996,0.400000006,0.400000006,0.009412376,0.131762877,0.2130678,0.000796586,0.247500733,0.857497811,0.530019104,0.009942732
713,-2014.501709,-2014.501709,6059.277344,6059.277344,11.32367325,11.32367325,1,0.039999999,0.159999996,0.400000006,0.400000006,0.009694512,0.130916461,0.213043556,0.000869328,0.247501075,0.857496798,0.529760838,0.010717439
723,-2127.782471,-2127.782471,6065.63916,6065.63916,11.33253384,11.33253384,1,0.039999999,0.159999996,0.400000006,0.400000006,0.00997929,0.130062133,0.213017866,0.000946396,0.247511894,0.857464314,0.529490948,0.011527172
733,-2241.153809,-2241.153809,6072.397461,6072.397461,11.34181595,11.34181595,1,0.039999999,0.159999996,0.400000006,0.400000006,0.010266661,0.129200026,0.212990701,0.00102789,0.247533292,0.857400119,0.529209316,0.012371973
743,-2354.620117,-2354.620117,6079.54834,6079.54834,11.35150528,11.35150528,1,0.039999999,0.159999996,0.400000006,0.400000006,0.010556573,0.128330275,0.212962031,0.001113907,0.247565329,0.857303977,0.528916061,0.013251814
753,-2468.185303,-2468.185303,6087.087891,6087.087891,11.36158466,11.36158466,1,0.039999999,0.159999996,0.400000006,0.400000006,0.01084897,0.127453089,0.212931827,0.001204542,0.247608081,0.857175767,0.528611124,0.014166604
763,-2581.853027,-2581.853027,6095.011719,6095.011719,11.37203789,11.37203789,1,0.039999999,0.159999996,0.400000006,0.400000006,0.011143787,0.126568645,0.212900043,0.001299883,0.247661576,0.857015312,0.528294623,0.015116187
773,-2695.627197,-2695.627197,6103.314941,6103.314941,11.38284874,11.38284874,1,0.039999999,0.159999996,0.400000006,0.400000006,0.011440957,0.125677124,0.212866664,0.001400019,0.247725829,0.856822491,0.527966559,0.016100343
783,-2809.511231,-2809.511231,6111.992188,6111.992188,11.39400196,11.39400196,1,0.039999999,0.159999996,0.400000006,0.400000006,0.011740405,0.124778777,0.212831661,0.00150503,0.247800872,0.856597364,0.527627051,0.017118795
793,-2923.508301,-2923.508301,6121.036621,6121.036621,11.40547943,11.40547943,1,0.039999999,0.159999996,0.400000006,0.400000006,0.012042052,0.123873837,0.212795004,0.001614997,0.247886673,0.856339931,0.527276278,0.018171197
803,-3037.621826,-3037.621826,6130.442383,6130.442383,11.41726494,11.41726494,1,0.039999999,0.159999996,0.400000006,0.400000006,0.012345811,0.122962572,0.212756664,0.001729995,0.247983247,0.856050253,0.526914299,0.019257154
813,-3151.854492,-3151.854492,6140.20166,6140.20166,11.42934322,11.42934322,1,0.039999999,0.159999996,0.400000006,0.400000006,0.012651593,0.122045219,0.212716624,0.001850096,0.248090506,0.855728447,0.526541233,0.020376209
823,-3266.209473,-3266.209473,6150.307617,6150.307617,11.44169712,11.44169712,1,0.039999999,0.159999996,0.400000006,0.400000006,0.012959302,0.121122092,0.212674886,0.001975369,0.248208433,0.855374694,0.526157379,0.021527855
833,-3380.689453,-3380.689453,6160.751465,6160.751465,11.45431137,11.45431137,1,0.039999999,0.159999996,0.400000006,0.400000006,0.013268837,0.120193489,0.212631375,0.00210588,0.248336956,0.854989111,0.525762856,0.022711523
843,-3495.296631,-3495.296631,6171.526367,6171.526367,11.46716785,11.46716785,1,0.039999999,0.159999996,0.400000006,0.400000006,0.013580091,0.11925973,0.212586105,0.002241689,0.248476014,0.854571998,0.525357783,0.023926603
853,-3610.033447,-3610.033447,6182.622559,6182.62207,11.48025322,11.48025322,1,0.039999999,0.159999996,0.400000006,0.400000006,0.013892956,0.118321128,0.212539047,0.002382855,0.248625472,0.854123592,0.524942517,0.025172427
863,-3724.902344,-3724.902344,6194.03125,6194.03125,11.49354935,11.4935503,1,0.039999999,0.159999996,0.400000006,0.400000006,0.014207315,0.117378049,0.212490186,0.002529432,0.248785257,0.853644192,0.524517238,0.026448291
873,-3839.905273,-3839.905273,6205.743164,6205.743164,11.50704289,11.50704289,1,0.039999999,0.159999996,0.400000006,0.400000006,0.014523051,0.116430849,0.212439507,0.002681472,0.24895525,0.853134274,0.524082184,0.027753435
883,-3955.043701,-3955.043701,6217.749512,6217.749512,11.52071762,11.52071667,1,0.039999999,0.159999996,0.400000006,0.400000006,0.01484004,0.115479879,0.212386996,0.002839021,0.249135315,0.852594018,0.523637652,0.029087065
893,-4070.320068,-4070.320068,6230.040039,6230.040039,11.53455734,11.5345583,1,0.039999999,0.159999996,0.400000006,0.400000006,0.015158157,0.114525527,0.212332636,0.003002124,0.249325335,0.852024019,0.523183882,0.030448342
903,-4185.735352,-4185.735352,6242.604981,6242.604981,11.54854965,11.54854965,1,0.039999999,0.159999996,0.400000006,0.400000006,0.015477271,0.113568187,0.212276384,0.003170822,0.24952513,0.851424575,0.522721171,0.031836394
913,-4301.291504,-4301.291504,6255.43457,6255.43457,11.56267929,11.56267929,1,0.039999999,0.159999996,0.400000006,0.400000006,0.015797252,0.112608247,0.212218285,0.003345149,0.249734566,0.850796282,0.522249877,0.03325031
923,-4416.989258,-4416.989258,6268.518555,6268.518555,11.57693195,11.57693195,1,0.039999999,0.159999996,0.400000006,0.400000006,0.016117962,0.111646108,0.212158293,0.00352514,0.249953464,0.850139618,0.521770298,0.034689147
933,-4532.830566,-4532.830566,6281.847168,6281.847168,11.59129429,11.59129429,1,0.039999999,0.159999996,0.400000006,0.400000006,0.016439267,0.110682197,0.212096393,0.003710825,0.250181645,0.849455059,0.521282673,0.036151938
943,-4648.81543,-4648.815918,6295.409668,6295.409668,11.60575295,11.60575295,1,0.039999999,0.159999996,0.400000006,0.400000006,0.016761027,0.109716922,0.212032586,0.003902227,0.250418931,0.848743141,0.520787418,0.037637684
953,-4764.945801,-4764.945801,6309.195801,6309.195801,11.62029553,11.62029553,1,0.039999999,0.159999996,0.400000006,0.400000006,0.017083103,0.108750694,0.211966887,0.004099371,0.250665128,0.84800458,0.520284891,0.039145362
963,-4881.22168,-4881.22168,6323.196289,6323.196289,11.63490963,11.63490963,1,0.039999999,0.159999996,0.400000006,0.400000006,0.017405352,0.107783951,0.211899236,0.004302274,0.250920057,0.847239852,0.519775331,0.040673926
973,-4997.644043,-4997.644043,6337.399902,6337.399902,11.64958286,11.64958286,1,0.039999999,0.159999996,0.400000006,0.400000006,0.017727632,0.106817096,0.211829677,0.00451095,0.25118345,0.846449614,0.519259214,0.042222317
983,-5114.213867,-5114.213379,6351.797363,6351.797363,11.66430473,11.66430378,1,0.039999999,0.159999996,0.400000006,0.400000006,0.018049804,0.105850592,0.211758196,0.004725411,0.251455158,0.84563458,0.518736839,0.043789454
993,-5230.930664,-5230.930664,6366.378418,6366.378906,11.67906284,11.67906284,1,0.039999999,0.159999996,0.400000006,0.400000006,0.018371724,0.104884833,0.211684778,0.004945665,0.251734912,0.844795287,0.518208563,0.045374241
1003,-5347.794922,-5347.794922,6381.133789,6381.133789,11.69384766,11.6938467,1,0.039999999,0.159999996,0.400000006,0.400000006,0.01869325,0.103920251,0.211609423,0.005171714,0.252022505,0.84393245,0.517674804,0.046975579
1013,-5464.807617,-5464.807617,6396.053223,6396.053223,11.70864868,11.70864773,1,0.039999999,0.159999996,0.400000006,0.400000006,0.019014245,0.102957271,0.211532146,0.00540356,0.252317727,0.843046784,0.517135859,0.048592359
1023,-5581.967773,-5581.967773,6411.12793,6411.12793,11.72345638,11.72345734,1,0.039999999,0.159999996,0.400000006,0.400000006,0.019334566,0.10199631,0.211452931,0.005641199,0.25262031,0.842139006,0.516592205,0.050223459
1033,-5699.276367,-5699.276367,6426.348633,6426.348633,11.73826218,11.73826313,1,0.039999999,0.159999996,0.400000006,0.400000006,0.019654075,0.101037771,0.211371794,0.005884625,0.252930045,0.841209829,0.51604408,0.051867768
1043,-5816.733398,-5816.733398,6441.706055,6441.706543,11.75305843,11.75305843,1,0.039999999,0.159999996,0.400000006,0.400000006,0.019972641,0.100082077,0.21128872,0.006133828,0.253246695,0.84025991,0.515491962,0.05352417
1053,-5934.337891,-5934.337891,6457.192383,6457.192383,11.76783466,11.76783466,1,0.039999999,0.159999996,0.400000006,0.400000006,0.020290127,0.099129617,0.211203739,0.006388795,0.25356999,0.839290023,0.514936149,0.055191543
1063,-6052.089844,-6052.089844,6472.798828,6472.798828,11.78258514,11.7825861,1,0.039999999,0.159999996,0.400000006,0.400000006,0.020606404,0.098180786,0.211116835,0.00664951,0.253899693,0.838300943,0.514377058,0.056868784
1073,-6169.989258,-6169.989258,6488.51709,6488.51709,11.7973032,11.7973032,1,0.039999999,0.159999996,0.400000006,0.400000006,0.020921344,0.09723597,0.211028025,0.006915953,0.254235566,0.837293267,0.513815045,0.058554787
1083,-6288.035645,-6288.035645,6504.340332,6504.340332,11.81198216,11.81198216,1,0.039999999,0.159999996,0.400000006,0.400000006,0.021234822,0.096295536,0.210937306,0.007188103,0.254577369,0.836267889,0.51325053,0.060248468
1093,-6406.228516,-6406.229004,6520.261231,6520.261231,11.82661438,11.82661533,1,0.039999999,0.159999996,0.400000006,0.400000006,0.02154672,0.095359847,0.210844696,0.007465935,0.254924834,0.835225463,0.512683749,0.061948746
1103,-6524.567871,-6524.567871,6536.271973,6536.271973,11.84119701,11.84119701,1,0.039999999,0.159999996,0.400000006,0.400000006,0.021856915,0.094429255,0.210750192,0.007749423,0.255277753,0.834166765,0.512115121,0.063654564
1113,-6643.052734,-6643.052734,6552.367188,6552.367188,11.85572338,11.85572338,1,0.039999999,0.159999996,0.400000006,0.400000006,0.0221653,0.093504101,0.210653827,0.008038538,0.255635828,0.833092511,0.511545062,0.065364867
1123,-6761.682129,-6761.682129,6568.540527,6568.540527,11.87018967,11.87018871,1,0.039999999,0.159999996,0.400000006,0.400000006,0.022471763,0.092584714,0.210555583,0.008333247,0.25599885,0.832003415,0.510973811,0.067078628
1133,-6880.456055,-6880.456055,6584.785645,6584.786133,11.8845911,11.8845911,1,0.039999999,0.159999996,0.400000006,0.400000006,0.0227762,0.0916714,0.210455492,0.00863352,0.256366581,0.830900192,0.510401726,0.068794854
1143,-6999.373535,-6999.373535,6601.098633,6601.098633,11.89892578,11.89892578,1,0.039999999,0.159999996,0.400000006,0.400000006,0.023078511,0.09076447,0.210353553,0.008939319,0.256738782,0.829783678,0.509829164,0.070512556
1153,-7118.43457,-7118.43457,6617.473633,6617.473633,11.91318989,11.91318989,1,0.039999999,0.159999996,0.400000006,0.400000006,0.023378601,0.089864194,0.210249797,0.009250611,0.257115185,0.828654408,0.509256423,0.072230779
1163,-7237.637207,-7237.637207,6633.90625,6633.90625,11.92738056,11.92738056,1,0.039999999,0.159999996,0.400000006,0.400000006,0.023676381,0.088970862,0.210144207,0.009567358,0.257495612,0.827513218,0.508683801,0.073948584
1173,-7356.981934,-7356.981934,6650.393555,6650.393066,11.9414959,11.9414959,1,0.039999999,0.159999996,0.400000006,0.400000006,0.023971763,0.088084713,0.210036829,0.009889522,0.257879764,0.826360703,0.508111656,0.075665064
1183,-7476.466797,-7476.466797,6666.931152,6666.931152,11.95553494,11.95553494,1,0.039999999,0.159999996,0.400000006,0.400000006,0.024264667,0.087205999,0.209927633,0.010217065,0.258267462,0.825197577,0.507540226,0.077379353
1193,-7596.092285,-7596.092285,6683.516602,6683.516602,11.96949577,11.96949577,1,0.039999999,0.159999996,0.400000006,0.400000006,0.02455502,0.086334944,0.209816679,0.010549949,0.258658499,0.824024498,0.50696981,0.079090603
1203,-7715.856445,-7715.856445,6700.146973,6700.146973,11.98337746,11.98337841,1,0.039999999,0.159999996,0.400000006,0.400000006,0.024842748,0.085471749,0.209703967,0.010888135,0.259052634,0.822842121,0.506400645,0.080798
1213,-7835.759277,-7835.759277,6716.820313,6716.820313,11.99717999,11.99717999,1,0.039999999,0.159999996,0.400000006,0.400000006,0.025127793,0.084616624,0.209589466,0.011231584,0.259449661,0.821651042,0.505833089,0.082500748
1223,-7955.799805,-7955.799805,6733.535156,6733.535156,12.01090336,12.01090431,1,0.039999999,0.159999996,0.400000006,0.400000006,0.025410088,0.083769739,0.209473252,0.01158026,0.25984937,0.820451915,0.505267322,0.084198102
1233,-8075.977051,-8075.977539,6750.290527,6750.290527,12.02454758,12.02454758,1,0.039999999,0.159999996,0.400000006,0.400000006,0.02568958,0.082931265,0.209355295,0.011934126,0.260251582,0.819245279,0.504703522,0.085889347
1243,-8196.291016,-8196.291016,6767.084961,6767.084961,12.03811359,12.03811359,1,0.039999999,0.159999996,0.400000006,0.400000006,0.02596622,0.082101338,0.209235623,0.012293147,0.260656089,0.818031728,0.504142046,0.087573789
1253,-8316.739258,-8316.739258,6783.918945,6783.918945,12.05160236,12.05160332,1,0.039999999,0.159999996,0.400000006,0.400000006,0.026239965,0.081280105,0.209114239,0.012657288,0.261062711,0.81681186,0.503583074,0.089250773
1263,-8437.322266,-8437.322266,6800.791992,6800.791992,12.06501579,12.06501484,1,0.039999999,0.159999996,0.400000006,0.400000006,0.026510773,0.080467679,0.208991155,0.013026517,0.261471301,0.81558609,0.503026783,0.090919696
1273,-8558.039063,-8558.039063,6817.705078,6817.705078,12.07835388,12.07835388,1,0.039999999,0.159999996,0.400000006,0.400000006,0.02677861,0.079664163,0.208866403,0.013400804,0.261881649,0.814355075,0.502473354,0.092579953
1283,-8678.889648,-8678.889648,6834.658691,6834.658691,12.09161949,12.09162045,1,0.039999999,0.159999996,0.400000006,0.400000006,0.027043449,0.078869656,0.208739966,0.013780123,0.262293607,0.813119233,0.501923025,0.094231009
1293,-8799.871094,-8799.871094,6851.654785,6851.654785,12.10481548,12.10481453,1,0.039999999,0.159999996,0.400000006,0.400000006,0.02730526,0.078084223,0.208611846,0.014164446,0.262706995,0.811878979,0.501375914,0.095872343
1303,-8920.985352,-8920.985352,6868.694824,6868.694824,12.11794281,12.11794281,1,0.039999999,0.159999996,0.400000006,0.400000006,0.027564025,0.077307925,0.208482087,0.014553753,0.263121724,0.810634851,0.5008322,0.097503461
1313,-9042.230469,-9042.230469,6885.780762,6885.780762,12.13100624,12.13100624,1,0.039999999,0.159999996,0.400000006,0.400000006,0.027819727,0.07654082,0.208350658,0.014948025,0.263537586,0.809387207,0.500292003,0.099123925
1323,-9163.605469,-9163.605469,6902.915527,6902.915527,12.14400673,12.14400673,1,0.039999999,0.159999996,0.400000006,0.400000006,0.028072355,0.075782932,0.208217576,0.015347245,0.26395449,0.808136523,0.499755561,0.10073331
1333,-9285.110352,-9285.110352,6920.102051,6920.102539,12.15694809,12.15694904,1,0.039999999,0.159999996,0.400000006,0.400000006,0.028321899,0.075034298,0.20808287,0.015751403,0.264372319,0.806883097,0.499222934,0.102331229
1343,-9406.744141,-9406.744141,6937.34375,6937.34375,12.16983414,12.16983509,1,0.039999999,0.159999996,0.400000006,0.400000006,0.028568359,0.074294925,0.207946494,0.016160488,0.264790922,0.805627286,0.498694211,0.103917331
1353,-9528.506836,-9528.506836,6954.644043,6954.644043,12.18266869,12.18266869,1,0.039999999,0.159999996,0.400000006,0.400000006,0.028811732,0.073564805,0.207808495,0.0165745,0.265210211,0.80436939,0.498169571,0.105491303
1363,-9650.397461,-9650.397461,6972.006836,6972.006836,12.19545364,12.19545364,1,0.039999999,0.159999996,0.400000006,0.400000006,0.029052025,0.072843924,0.207668856,0.016993439,0.265630066,0.803109825,0.497649044,0.10705284
1373,-9772.416016,-9772.415039,6989.436523,6989.436523,12.20819473,12.20819473,1,0.039999999,0.159999996,0.400000006,0.400000006,0.029289242,0.072132275,0.207527563,0.017417308,0.266050428,0.80184871,0.497132778,0.108601682
1383,-9894.560547,-9894.560547,7006.9375,7006.9375,12.22089577,12.22089577,1,0.039999999,0.159999996,0.400000006,0.400000006,0.029523395,0.071429811,0.207384631,0.017846119,0.266471177,0.800586462,0.496620804,0.110137612
1393,-10016.83301,-10016.83301,7024.515625,7024.515625,12.23355961,12.23355961,1,0.039999999,0.159999996,0.400000006,0.400000006,0.029754499,0.070736505,0.207240045,0.018279886,0.266892254,0.799323201,0.496113211,0.111660399
1403,-10139.23242,-10139.23242,7042.175293,7042.175293,12.24619198,12.24619198,1,0.039999999,0.159999996,0.400000006,0.400000006,0.029982571,0.070052288,0.20709379,0.01871863,0.2673136,0.798059165,0.495610029,0.113169901
1413,-10261.75684,-10261.75684,7059.922852,7059.922852,12.25879669,12.25879669,1,0.039999999,0.159999996,0.400000006,0.400000006,0.030207628,0.069377109,0.206945866,0.019162377,0.267735153,0.796794593,0.495111346,0.11466594
1423,-10384.4082,-10384.4082,7077.763184,7077.763184,12.27137852,12.27137756,1,0.039999999,0.159999996,0.400000006,0.400000006,0.030429699,0.068710901,0.206796274,0.019611159,0.268156827,0.795529544,0.494617194,0.116148412
1433,-10507.18457,-10507.18457,7095.703613,7095.703613,12.28394127,12.28394127,1,0.039999999,0.159999996,0.400000006,0.400000006,0.030648803,0.068053588,0.206644997,0.020065013,0.268578589,0.794264197,0.494127601,0.117617212
1443,-10630.08691,-10630.08691,7113.749512,7113.749512,12.29649067,12.29649067,1,0.039999999,0.159999996,0.400000006,0.400000006,0.030864973,0.067405082,0.206492007,0.02052398,0.269000441,0.792998672,0.493642569,0.119072258
1453,-10753.11426,-10753.11426,7131.908203,7131.908203,12.30903149,12.30903053,1,0.039999999,0.159999996,0.400000006,0.400000006,0.031078236,0.066765293,0.206337303,0.020988114,0.269422323,0.791733086,0.493162155,0.120513514
1463,-10876.26758,-10876.2666,7150.186523,7150.186523,12.32156754,12.32156754,1,0.039999999,0.159999996,0.400000006,0.400000006,0.031288624,0.066134125,0.206180841,0.021457467,0.269844174,0.790467441,0.492686361,0.121940941
1473,-10999.5459,-10999.5459,7168.591797,7168.591797,12.33410549,12.33410454,1,0.039999999,0.159999996,0.400000006,0.400000006,0.031496175,0.06551148,0.206022635,0.021932105,0.270266026,0.789201856,0.492215157,0.123354547
1483,-11122.94922,-11122.9502,7187.130859,7187.130859,12.34664917,12.34664917,1,0.039999999,0.159999996,0.400000006,0.400000006,0.031700917,0.064897247,0.205862641,0.022412091,0.270687878,0.78793633,0.491748542,0.124754339
1493,-11246.47852,-11246.47852,7205.8125,7205.8125,12.35920334,12.35920429,1,0.039999999,0.159999996,0.400000006,0.400000006,0.031902898,0.064291306,0.20570083,0.022897506,0.27110973,0.786670804,0.491286546,0.126140356
1503,-11370.13379,-11370.13379,7224.644043,7224.644043,12.37177467,12.37177467,1,0.039999999,0.159999996,0.400000006,0.400000006,0.032102149,0.063693553,0.205537185,0.02338843,0.271531552,0.785405397,0.49082911,0.127512649
1513,-11493.91406,-11493.91406,7243.633301,7243.633301,12.38436699,12.38436699,1,0.039999999,0.159999996,0.400000006,0.400000006,0.032298714,0.063103855,0.205371678,0.023884956,0.271953374,0.784139872,0.490376234,0.128871292
1523,-11617.82129,-11617.82129,7262.789551,7262.789063,12.39698601,12.39698601,1,0.039999999,0.159999996,0.400000006,0.400000006,0.032492638,0.062522084,0.205204263,0.024387175,0.272375196,0.782874346,0.489927858,0.130216375
1533,-11741.85449,-11741.85352,7282.120606,7282.120606,12.40963745,12.40963841,1,0.039999999,0.159999996,0.400000006,0.400000006,0.032683961,0.061948121,0.205034927,0.024895199,0.272797108,0.781608641,0.489484012,0.131548017
1543,-11866.01367,-11866.01367,7301.635742,7301.635742,12.42232609,12.42232704,1,0.039999999,0.159999996,0.400000006,0.400000006,0.032872725,0.061381821,0.204863623,0.025409134,0.273219079,0.780342698,0.489044547,0.132866323
1553,-11990.30078,-11990.30078,7321.344238,7321.344727,12.43505859,12.43505764,1,0.039999999,0.159999996,0.400000006,0.400000006,0.033058982,0.060823053,0.204690307,0.025929103,0.273641199,0.779076397,0.488609523,0.134171441
1563,-12114.71484,-12114.71484,7341.255371,7341.255371,12.44783783,12.44783783,1,0.039999999,0.159999996,0.400000006,0.400000006,0.033242773,0.060271677,0.204514921,0.026455233,0.274063468,0.77780956,0.488178819,0.135463536
1573,-12239.25781,-12239.25781,7361.378906,7361.378906,12.46067143,12.46067238,1,0.039999999,0.159999996,0.400000006,0.400000006,0.03342415,0.05972755,0.204337448,0.026987657,0.274485976,0.776542068,0.487752408,0.136742756
1583,-12363.92871,-12363.92871,7381.724121,7381.724121,12.4735651,12.4735651,1,0.039999999,0.159999996,0.400000006,0.400000006,0.033603158,0.059190534,0.204157829,0.027526522,0.274908781,0.775273681,0.487330228,0.13800928
1593,-12488.72949,-12488.72852,7402.300781,7402.300781,12.48652268,12.48652172,1,0.039999999,0.159999996,0.400000006,0.400000006,0.033779841,0.058660474,0.203976005,0.028071981,0.275331944,0.774004221,0.486912221,0.139263332
1603,-12613.65918,-12613.66016,7423.120117,7423.120117,12.49955082,12.49955082,1,0.039999999,0.159999996,0.400000006,0.400000006,0.033954255,0.058137231,0.203791946,0.028624192,0.275755495,0.77273351,0.486498296,0.140505075
1613,-12738.7207,-12738.7207,7444.192383,7444.192383,12.51265526,12.51265526,1,0.039999999,0.159999996,0.400000006,0.400000006,0.034126449,0.057620648,0.203605562,0.029183326,0.276179582,0.771461248,0.486088395,0.141734764
1623,-12863.91309,-12863.91309,7465.527832,7465.527832,12.52584171,12.52584171,1,0.039999999,0.159999996,0.400000006,0.400000006,0.034296472,0.057110585,0.203416809,0.029749563,0.276604265,0.770187259,0.485682458,0.142952636
1633,-12989.23731,-12989.23828,7487.138184,7487.137695,12.53911591,12.53911591,1,0.039999999,0.159999996,0.400000006,0.400000006,0.034464374,0.056606881,0.203225642,0.030323088,0.277029634,0.768911123,0.485280365,0.144158885
1643,-13114.69531,-13114.69629,7509.033691,7509.033691,12.55248261,12.55248261,1,0.039999999,0.159999996,0.400000006,0.400000006,0.034630205,0.056109387,0.203031972,0.030904101,0.277455747,0.767632723,0.484882057,0.145353779
1653,-13240.28809,-13240.28809,7531.226563,7531.226563,12.56594944,12.56594944,1,0.039999999,0.159999996,0.400000006,0.400000006,0.034794018,0.055617955,0.202835724,0.031492811,0.277882785,0.76635164,0.484487474,0.146537587
1663,-13366.01465,-13366.01465,7553.729004,7553.729004,12.57952118,12.57952118,1,0.039999999,0.159999996,0.400000006,0.400000006,0.034955859,0.055132423,0.202636853,0.032089427,0.278310806,0.765067577,0.484096467,0.147710577
1673,-13491.87891,-13491.87793,7576.552246,7576.552246,12.5932045,12.59320355,1,0.039999999,0.159999996,0.400000006,0.400000006,0.035115786,0.054652639,0.20243527,0.032694183,0.278739929,0.763780177,0.483709008,0.148873016
1683,-13617.87988,-13617.87891,7599.708984,7599.708984,12.60700417,12.60700417,1,0.039999999,0.159999996,0.400000006,0.400000006,0.03527385,0.05417845,0.202230886,0.033307318,0.279170334,0.762489021,0.483324945,0.150025174
1693,-13744.01856,-13744.01856,7623.211914,7623.211914,12.62092781,12.62092781,1,0.039999999,0.159999996,0.400000006,0.400000006,0.0354301,0.053709701,0.20202364,0.033929072,0.279602051,0.761193812,0.482944191,0.151167393
1703,-13870.29883,-13870.29785,7647.073731,7647.073731,12.6349802,12.63498116,1,0.039999999,0.159999996,0.400000006,0.400000006,0.035584588,0.053246237,0.20181343,0.034559716,0.280035287,0.759894133,0.482566684,0.152299926
1713,-13996.71875,-13996.71875,7671.308106,7671.308106,12.64916897,12.64916897,1,0.039999999,0.159999996,0.400000006,0.400000006,0.035737365,0.0527879,0.201600164,0.035199508,0.280470192,0.758589447,0.482192278,0.153423116
1723,-14123.28223,-14123.28223,7695.928223,7695.928223,12.66349983,12.66349983,1,0.039999999,0.159999996,0.400000006,0.400000006,0.035888489,0.052334536,0.201383755,0.03584874,0.280906856,0.757279456,0.481820911,0.154537261
1733,-14249.98926,-14249.99023,7720.948731,7720.948731,12.67797947,12.67797947,1,0.039999999,0.159999996,0.400000006,0.400000006,0.036038004,0.051885992,0.201164097,0.036507703,0.281345457,0.755963624,0.481452435,0.155642688
1743,-14376.84277,-14376.8418,7746.383789,7746.383789,12.6926136,12.6926136,1,0.039999999,0.159999996,0.400000006,0.400000006,0.036185965,0.051442105,0.200941101,0.037176702,0.281786174,0.754641473,0.481086761,0.156739727
1753,-14503.84277,-14503.8418,7772.247559,7772.247559,12.70740986,12.70740986,1,0.039999999,0.159999996,0.400000006,0.400000006,0.036332425,0.05100273,0.200714648,0.037856065,0.282229155,0.753312469,0.480723768,0.157828718
1763,-14630.99121,-14630.99121,7798.555176,7798.555176,12.72237492,12.72237492,1,0.039999999,0.159999996,0.400000006,0.400000006,0.036477432,0.050567705,0.200484633,0.038546115,0.282674611,0.751976192,0.480363339,0.158910006
1773,-14758.29004,-14758.29004,7825.323242,7825.323242,12.7375145,12.73751545,1,0.039999999,0.159999996,0.400000006,0.400000006,0.036621042,0.050136872,0.200250924,0.039247207,0.283122659,0.750631988,0.480005354,0.159983933
1783,-14885.74219,-14885.74219,7852.566406,7852.566406,12.75283718,12.75283718,1,0.039999999,0.159999996,0.400000006,0.400000006,0.036763307,0.049710084,0.200013429,0.039959703,0.283573538,0.74927932,0.479649723,0.161050871
1793,-15013.34766,-15013.34766,7880.302246,7880.302246,12.76834869,12.76834869,1,0.039999999,0.159999996,0.400000006,0.400000006,0.036904275,0.049287178,0.199772015,0.040683977,0.284027427,0.747917652,0.479296267,0.162111178
1803,-15141.10938,-15141.11035,7908.546875,7908.546875,12.78405857,12.78405762,1,0.039999999,0.159999996,0.400000006,0.400000006,0.037044,0.048868004,0.199526533,0.041420422,0.284484535,0.746546328,0.478944927,0.163165227
1813,-15269.0293,-15269.03027,7937.318359,7937.318359,12.79997158,12.79997063,1,0.039999999,0.159999996,0.400000006,0.400000006,0.037182532,0.048452403,0.19927685,0.042169448,0.284945071,0.745164752,0.478595555,0.164213389
1823,-15397.10938,-15397.11035,7966.634277,7966.634277,12.81609631,12.81609726,1,0.039999999,0.159999996,0.400000006,0.400000006,0.037319925,0.048040222,0.199022844,0.042931478,0.285409242,0.743772268,0.47824797,0.165256053
1833,-15525.35254,-15525.35156,7996.513672,7996.513672,12.83244228,12.83244228,1,0.039999999,0.159999996,0.400000006,0.400000006,0.037456229,0.047631305,0.198764354,0.043706957,0.285877287,0.742368102,0.477902144,0.166293621
1843,-15653.75977,-15653.75879,8026.975098,8026.975098,12.84901524,12.84901524,1,0.039999999,0.159999996,0.400000006,0.400000006,0.037591498,0.047225501,0.198501214,0.044496346,0.286349446,0.740951657,0.477557838,0.16732648
1853,-15782.33301,-15782.33301,8058.038574,8058.038574,12.86582375,12.86582375,1,0.039999999,0.159999996,0.400000006,0.400000006,0.037725784,0.046822648,0.198233292,0.045300122,0.286825925,0.739522219,0.477214992,0.168355033
1863,-15911.07715,-15911.07715,8089.724609,8089.724609,12.8828783,12.8828783,1,0.039999999,0.159999996,0.400000006,0.400000006,0.037859134,0.046422597,0.197960407,0.046118792,0.287307024,0.738078892,0.476873428,0.169379711
1873,-16039.99121,-16039.99219,8122.054688,8122.054688,12.90018463,12.90018463,1,0.039999999,0.159999996,0.400000006,0.400000006,0.037991606,0.046025187,0.197682381,0.04695287,0.287792981,0.736621022,0.476533026,0.170400903
